Country,Sex,Year,obs_value
Afghanistan,Sex: Total,2020,7.272
Angola,Sex: Total,2023,3.07
Angola,Sex: Total,2022,3.649
Angola,Sex: Total,2021,5.762
Angola,Sex: Total,2020,8.732
Albania,Sex: Total,2023,1.427
Albania,Sex: Total,2022,-0.173
Albania,Sex: Total,2021,2.732
Albania,Sex: Total,2020,8.258
United Arab Emirates,Sex: Total,2023,0.769
United Arab Emirates,Sex: Total,2022,0.802
United Arab Emirates,Sex: Total,2021,5.825
United Arab Emirates,Sex: Total,2020,9.62
Argentina,Sex: Total,2023,0.139
Argentina,Sex: Total,2022,-1.438
Argentina,Sex: Total,2021,3.03
Argentina,Sex: Total,2020,21.786
Armenia,Sex: Total,2023,0.253
Armenia,Sex: Total,2022,-0.889
Armenia,Sex: Total,2021,3.68
Armenia,Sex: Total,2020,8.146
Australia,Sex: Total,2023,0.978
Australia,Sex: Total,2022,-1.042
Australia,Sex: Total,2021,1.878
Australia,Sex: Total,2020,4.716
Austria,Sex: Total,2023,5.985
Austria,Sex: Total,2022,6.045
Austria,Sex: Total,2021,8.416
Austria,Sex: Total,2020,11.972
Azerbaijan,Sex: Total,2023,1.493
Azerbaijan,Sex: Total,2022,1.857
Azerbaijan,Sex: Total,2021,3.863
Azerbaijan,Sex: Total,2020,11.877
Burundi,Sex: Total,2023,-1.313
Burundi,Sex: Total,2022,-1.926
Burundi,Sex: Total,2021,2.285
Burundi,Sex: Total,2020,0.48
Belgium,Sex: Total,2023,-0.231
Belgium,Sex: Total,2022,-1.417
Belgium,Sex: Total,2021,2.444
Belgium,Sex: Total,2020,7.519
Benin,Sex: Total,2023,1.145
Benin,Sex: Total,2022,0.958
Benin,Sex: Total,2021,4.912
Benin,Sex: Total,2020,3.674
Burkina Faso,Sex: Total,2023,1.562
Burkina Faso,Sex: Total,2022,0.87
Burkina Faso,Sex: Total,2021,3.556
Burkina Faso,Sex: Total,2020,3.466
Bangladesh,Sex: Total,2023,1.163
Bangladesh,Sex: Total,2022,1.182
Bangladesh,Sex: Total,2021,6.172
Bangladesh,Sex: Total,2020,11.992
Bulgaria,Sex: Total,2023,0.558
Bulgaria,Sex: Total,2022,0.436
Bulgaria,Sex: Total,2021,2.64
Bulgaria,Sex: Total,2020,5.267
Bahrain,Sex: Total,2023,1.14
Bahrain,Sex: Total,2022,1.442
Bahrain,Sex: Total,2021,5.672
Bahrain,Sex: Total,2020,8.877
Bahamas,Sex: Total,2023,-2.839
Bahamas,Sex: Total,2022,-2.533
Bahamas,Sex: Total,2021,3.352
Bahamas,Sex: Total,2020,15.622
Bosnia and Herzegovina,Sex: Total,2023,0.203
Bosnia and Herzegovina,Sex: Total,2022,-1.206
Bosnia and Herzegovina,Sex: Total,2021,0.639
Bosnia and Herzegovina,Sex: Total,2020,5.712
Belarus,Sex: Total,2023,2.387
Belarus,Sex: Total,2022,2.655
Belarus,Sex: Total,2021,2.339
Belarus,Sex: Total,2020,2.288
Belize,Sex: Total,2023,3.231
Belize,Sex: Total,2022,2.789
Belize,Sex: Total,2021,6.413
Belize,Sex: Total,2020,10.6
Bolivia,Sex: Total,2023,-4.686
Bolivia,Sex: Total,2022,-5.647
Bolivia,Sex: Total,2021,-4.331
Bolivia,Sex: Total,2020,12.845
Brazil,Sex: Total,2023,-3.743
Brazil,Sex: Total,2022,-5.108
Brazil,Sex: Total,2021,2.275
Brazil,Sex: Total,2020,14.725
Barbados,Sex: Total,2023,-2.14
Barbados,Sex: Total,2022,-1.746
Barbados,Sex: Total,2021,3.714
Barbados,Sex: Total,2020,10.211
Brunei Darussalam,Sex: Total,2023,-1.311
Brunei Darussalam,Sex: Total,2022,-1.32
Brunei Darussalam,Sex: Total,2021,2.514
Brunei Darussalam,Sex: Total,2020,4.378
Bhutan,Sex: Total,2023,3.339
Bhutan,Sex: Total,2022,3.694
Bhutan,Sex: Total,2021,6.31
Bhutan,Sex: Total,2020,10.312
Botswana,Sex: Total,2023,-0.261
Botswana,Sex: Total,2022,-1.599
Botswana,Sex: Total,2021,4.281
Botswana,Sex: Total,2020,4.462
Central African Republic,Sex: Total,2023,0.009
Central African Republic,Sex: Total,2022,-0.159
Central African Republic,Sex: Total,2021,2.362
Central African Republic,Sex: Total,2020,3.745
Canada,Sex: Total,2023,0.235
Canada,Sex: Total,2022,-2.535
Canada,Sex: Total,2021,0.939
Canada,Sex: Total,2020,8.922
Channel Islands,Sex: Total,2023,-0.181
Channel Islands,Sex: Total,2022,-1.306
Channel Islands,Sex: Total,2021,3.934
Channel Islands,Sex: Total,2020,6.182
Switzerland,Sex: Total,2023,-3.762
Switzerland,Sex: Total,2022,-4.872
Switzerland,Sex: Total,2021,-2.454
Switzerland,Sex: Total,2020,2.54
Chile,Sex: Total,2023,-0.736
Chile,Sex: Total,2022,-4.533
Chile,Sex: Total,2021,3.282
Chile,Sex: Total,2020,11.809
China,Sex: Total,2023,0.506
China,Sex: Total,2022,0.568
China,Sex: Total,2021,-1.102
China,Sex: Total,2020,4.1
Côte d'Ivoire,Sex: Total,2023,-0.981
Côte d'Ivoire,Sex: Total,2022,-2.109
Côte d'Ivoire,Sex: Total,2021,3.519
Côte d'Ivoire,Sex: Total,2020,4.732
Cameroon,Sex: Total,2023,0.923
Cameroon,Sex: Total,2022,0.296
Cameroon,Sex: Total,2021,4.171
Cameroon,Sex: Total,2020,4.722
"Congo, Democratic Republic of the",Sex: Total,2023,0.882
"Congo, Democratic Republic of the",Sex: Total,2022,0.631
"Congo, Democratic Republic of the",Sex: Total,2021,4.227
"Congo, Democratic Republic of the",Sex: Total,2020,5.226
Congo,Sex: Total,2023,2.06
Congo,Sex: Total,2022,2.713
Congo,Sex: Total,2021,5.38
Congo,Sex: Total,2020,8.294
Colombia,Sex: Total,2023,1.913
Colombia,Sex: Total,2022,0.22
Colombia,Sex: Total,2021,9.821
Colombia,Sex: Total,2020,19.448
Comoros,Sex: Total,2023,2.179
Comoros,Sex: Total,2022,1.697
Comoros,Sex: Total,2021,5.308
Comoros,Sex: Total,2020,6.415
Cabo Verde,Sex: Total,2023,2.905
Cabo Verde,Sex: Total,2022,3.533
Cabo Verde,Sex: Total,2021,6.565
Cabo Verde,Sex: Total,2020,12.232
Costa Rica,Sex: Total,2023,6.109
Costa Rica,Sex: Total,2022,5.567
Costa Rica,Sex: Total,2021,11.677
Costa Rica,Sex: Total,2020,18.184
Cuba,Sex: Total,2023,-1.125
Cuba,Sex: Total,2022,-0.843
Cuba,Sex: Total,2021,3.686
Cuba,Sex: Total,2020,10.686
Cyprus,Sex: Total,2023,-1.134
Cyprus,Sex: Total,2022,-2.858
Cyprus,Sex: Total,2021,0.686
Cyprus,Sex: Total,2020,10.849
Czechia,Sex: Total,2023,2.005
Czechia,Sex: Total,2022,2.07
Czechia,Sex: Total,2021,1.102
Czechia,Sex: Total,2020,5.884
Germany,Sex: Total,2023,3.104
Germany,Sex: Total,2022,3.073
Germany,Sex: Total,2021,3.509
Germany,Sex: Total,2020,5.635
Djibouti,Sex: Total,2023,3.453
Djibouti,Sex: Total,2022,3.401
Djibouti,Sex: Total,2021,4.988
Djibouti,Sex: Total,2020,6.172
Denmark,Sex: Total,2023,-4.24
Denmark,Sex: Total,2022,-6.983
Denmark,Sex: Total,2021,0.422
Denmark,Sex: Total,2020,5.35
Dominican Republic,Sex: Total,2023,1.249
Dominican Republic,Sex: Total,2022,0.765
Dominican Republic,Sex: Total,2021,6.269
Dominican Republic,Sex: Total,2020,19.765
Algeria,Sex: Total,2023,3.316
Algeria,Sex: Total,2022,3.691
Algeria,Sex: Total,2021,6.459
Algeria,Sex: Total,2020,8.976
Ecuador,Sex: Total,2023,5.682
Ecuador,Sex: Total,2022,7.235
Ecuador,Sex: Total,2021,8.096
Ecuador,Sex: Total,2020,18.823
Egypt,Sex: Total,2023,-0.916
Egypt,Sex: Total,2022,-1.663
Egypt,Sex: Total,2021,5.4
Egypt,Sex: Total,2020,9.375
Eritrea,Sex: Total,2023,3.983
Eritrea,Sex: Total,2022,3.897
Eritrea,Sex: Total,2021,6.767
Eritrea,Sex: Total,2020,10.741
Western Sahara,Sex: Total,2023,2.338
Western Sahara,Sex: Total,2022,2.844
Western Sahara,Sex: Total,2021,4.787
Western Sahara,Sex: Total,2020,7.678
Spain,Sex: Total,2023,1.39
Spain,Sex: Total,2022,-0.105
Spain,Sex: Total,2021,5.338
Spain,Sex: Total,2020,12.157
Estonia,Sex: Total,2023,7.03
Estonia,Sex: Total,2022,7.186
Estonia,Sex: Total,2021,11.108
Estonia,Sex: Total,2020,6.073
Ethiopia,Sex: Total,2023,4.351
Ethiopia,Sex: Total,2022,4.538
Ethiopia,Sex: Total,2021,5.07
Ethiopia,Sex: Total,2020,7.177
Finland,Sex: Total,2023,0.007
Finland,Sex: Total,2022,-0.499
Finland,Sex: Total,2021,0.623
Finland,Sex: Total,2020,2.504
Fiji,Sex: Total,2023,1.331
Fiji,Sex: Total,2022,1.582
Fiji,Sex: Total,2021,6.169
Fiji,Sex: Total,2020,6.446
France,Sex: Total,2023,-1.897
France,Sex: Total,2022,-3.222
France,Sex: Total,2021,1.047
France,Sex: Total,2020,7.539
Gabon,Sex: Total,2023,1.262
Gabon,Sex: Total,2022,1.515
Gabon,Sex: Total,2021,6.123
Gabon,Sex: Total,2020,8.949
United Kingdom,Sex: Total,2023,2.672
United Kingdom,Sex: Total,2022,2.314
United Kingdom,Sex: Total,2021,5.284
United Kingdom,Sex: Total,2020,10.989
Georgia,Sex: Total,2023,0.574
Georgia,Sex: Total,2022,0.172
Georgia,Sex: Total,2021,2.859
Georgia,Sex: Total,2020,13.329
Ghana,Sex: Total,2023,3.086
Ghana,Sex: Total,2022,2.356
Ghana,Sex: Total,2021,4.813
Ghana,Sex: Total,2020,5.15
Guinea,Sex: Total,2023,3.931
Guinea,Sex: Total,2022,3.965
Guinea,Sex: Total,2021,6.089
Guinea,Sex: Total,2020,6.213
Gambia,Sex: Total,2023,-0.482
Gambia,Sex: Total,2022,-0.743
Gambia,Sex: Total,2021,4.22
Gambia,Sex: Total,2020,6.058
Guinea-Bissau,Sex: Total,2023,2.226
Guinea-Bissau,Sex: Total,2022,1.829
Guinea-Bissau,Sex: Total,2021,4.832
Guinea-Bissau,Sex: Total,2020,8.697
Equatorial Guinea,Sex: Total,2023,1.506
Equatorial Guinea,Sex: Total,2022,1.999
Equatorial Guinea,Sex: Total,2021,4.614
Equatorial Guinea,Sex: Total,2020,8.551
Greece,Sex: Total,2023,-2.01
Greece,Sex: Total,2022,-2.98
Greece,Sex: Total,2021,6.035
Greece,Sex: Total,2020,11.758
Guatemala,Sex: Total,2023,2.583
Guatemala,Sex: Total,2022,2.268
Guatemala,Sex: Total,2021,5.893
Guatemala,Sex: Total,2020,16.223
Guam,Sex: Total,2023,2.389
Guam,Sex: Total,2022,2.68
Guam,Sex: Total,2021,3.203
Guam,Sex: Total,2020,9.107
Guyana,Sex: Total,2023,1.341
Guyana,Sex: Total,2022,2.001
Guyana,Sex: Total,2021,6.508
Guyana,Sex: Total,2020,10.294
"Hong Kong, China",Sex: Total,2023,1.975
"Hong Kong, China",Sex: Total,2022,2.342
"Hong Kong, China",Sex: Total,2021,3.23
"Hong Kong, China",Sex: Total,2020,7.191
Honduras,Sex: Total,2023,4.023
Honduras,Sex: Total,2022,3.877
Honduras,Sex: Total,2021,6.867
Honduras,Sex: Total,2020,21.425
Croatia,Sex: Total,2023,-1.976
Croatia,Sex: Total,2022,-3.468
Croatia,Sex: Total,2021,1.844
Croatia,Sex: Total,2020,6.856
Haiti,Sex: Total,2023,4.767
Haiti,Sex: Total,2022,4.318
Haiti,Sex: Total,2021,5.749
Haiti,Sex: Total,2020,7.68
Hungary,Sex: Total,2023,4.837
Hungary,Sex: Total,2022,3.288
Hungary,Sex: Total,2021,3.474
Hungary,Sex: Total,2020,5.511
Indonesia,Sex: Total,2023,2.285
Indonesia,Sex: Total,2022,2.025
Indonesia,Sex: Total,2021,5.709
Indonesia,Sex: Total,2020,6.74
India,Sex: Total,2023,1.345
India,Sex: Total,2022,1.306
India,Sex: Total,2021,6.292
India,Sex: Total,2020,14.6
Ireland,Sex: Total,2023,-1.933
Ireland,Sex: Total,2022,-3.927
Ireland,Sex: Total,2021,4.349
Ireland,Sex: Total,2020,10.034
"Iran, Islamic Republic of",Sex: Total,2023,3.445
"Iran, Islamic Republic of",Sex: Total,2022,3.785
"Iran, Islamic Republic of",Sex: Total,2021,7.848
"Iran, Islamic Republic of",Sex: Total,2020,5.179
Iraq,Sex: Total,2023,1.517
Iraq,Sex: Total,2022,2.316
Iraq,Sex: Total,2021,6.179
Iraq,Sex: Total,2020,11.305
Iceland,Sex: Total,2023,6.573
Iceland,Sex: Total,2022,9.034
Iceland,Sex: Total,2021,9.725
Iceland,Sex: Total,2020,6.856
Israel,Sex: Total,2023,-2.345
Israel,Sex: Total,2022,-2.447
Israel,Sex: Total,2021,3.46
Israel,Sex: Total,2020,8.789
Italy,Sex: Total,2023,-1.039
Italy,Sex: Total,2022,-1.84
Italy,Sex: Total,2021,2.641
Italy,Sex: Total,2020,12.865
Jamaica,Sex: Total,2023,1.52
Jamaica,Sex: Total,2022,3.426
Jamaica,Sex: Total,2021,6.994
Jamaica,Sex: Total,2020,11.739
Jordan,Sex: Total,2023,1.183
Jordan,Sex: Total,2022,1.652
Jordan,Sex: Total,2021,5.468
Jordan,Sex: Total,2020,9.874
Japan,Sex: Total,2023,2.098
Japan,Sex: Total,2022,1.691
Japan,Sex: Total,2021,2.988
Japan,Sex: Total,2020,3.516
Kazakhstan,Sex: Total,2023,1.083
Kazakhstan,Sex: Total,2022,1.914
Kazakhstan,Sex: Total,2021,3.613
Kazakhstan,Sex: Total,2020,11.255
Kenya,Sex: Total,2023,2.089
Kenya,Sex: Total,2022,2.042
Kenya,Sex: Total,2021,5.492
Kenya,Sex: Total,2020,9.478
Kyrgyzstan,Sex: Total,2023,3.869
Kyrgyzstan,Sex: Total,2022,3.822
Kyrgyzstan,Sex: Total,2021,6.257
Kyrgyzstan,Sex: Total,2020,11.443
Cambodia,Sex: Total,2023,4.566
Cambodia,Sex: Total,2022,5.115
Cambodia,Sex: Total,2021,6.859
Cambodia,Sex: Total,2020,5.923
"Korea, Republic of",Sex: Total,2023,-0.755
"Korea, Republic of",Sex: Total,2022,-1.754
"Korea, Republic of",Sex: Total,2021,2.328
"Korea, Republic of",Sex: Total,2020,4.1
Kuwait,Sex: Total,2023,0.448
Kuwait,Sex: Total,2022,0.851
Kuwait,Sex: Total,2021,6.873
Kuwait,Sex: Total,2020,16.224
Lao People's Democratic Republic,Sex: Total,2023,4.093
Lao People's Democratic Republic,Sex: Total,2022,4.119
Lao People's Democratic Republic,Sex: Total,2021,6.116
Lao People's Democratic Republic,Sex: Total,2020,4.808
Lebanon,Sex: Total,2023,2.782
Lebanon,Sex: Total,2022,4.343
Lebanon,Sex: Total,2021,6.761
Lebanon,Sex: Total,2020,10.037
Liberia,Sex: Total,2023,3.145
Liberia,Sex: Total,2022,3.725
Liberia,Sex: Total,2021,4.914
Liberia,Sex: Total,2020,6.773
Libya,Sex: Total,2023,-0.203
Libya,Sex: Total,2022,2.417
Libya,Sex: Total,2021,5.941
Libya,Sex: Total,2020,9.871
Saint Lucia,Sex: Total,2023,-2.138
Saint Lucia,Sex: Total,2022,-1.491
Saint Lucia,Sex: Total,2021,5.462
Saint Lucia,Sex: Total,2020,9.64
Sri Lanka,Sex: Total,2023,10.305
Sri Lanka,Sex: Total,2022,10.601
Sri Lanka,Sex: Total,2021,-0.133
Sri Lanka,Sex: Total,2020,6.051
Lesotho,Sex: Total,2023,3.665
Lesotho,Sex: Total,2022,4.056
Lesotho,Sex: Total,2021,6.353
Lesotho,Sex: Total,2020,6.561
Lithuania,Sex: Total,2023,-1.453
Lithuania,Sex: Total,2022,-2.736
Lithuania,Sex: Total,2021,1.419
Lithuania,Sex: Total,2020,6.344
Luxembourg,Sex: Total,2023,4.498
Luxembourg,Sex: Total,2022,4.418
Luxembourg,Sex: Total,2021,7.682
Luxembourg,Sex: Total,2020,5.048
Latvia,Sex: Total,2023,-0.517
Latvia,Sex: Total,2022,-1.964
Latvia,Sex: Total,2021,2.776
Latvia,Sex: Total,2020,3.883
"Macau, China",Sex: Total,2023,-1.68
"Macau, China",Sex: Total,2022,1.363
"Macau, China",Sex: Total,2021,2.449
"Macau, China",Sex: Total,2020,7.206
Morocco,Sex: Total,2023,4.538
Morocco,Sex: Total,2022,4.933
Morocco,Sex: Total,2021,6.463
Morocco,Sex: Total,2020,13.953
"Moldova, Republic of",Sex: Total,2023,-4.141
"Moldova, Republic of",Sex: Total,2022,-4.184
"Moldova, Republic of",Sex: Total,2021,-4.351
"Moldova, Republic of",Sex: Total,2020,5.09
Madagascar,Sex: Total,2023,-0.229
Madagascar,Sex: Total,2022,-0.481
Madagascar,Sex: Total,2021,4.623
Madagascar,Sex: Total,2020,5.298
Maldives,Sex: Total,2023,2.389
Maldives,Sex: Total,2022,2.787
Maldives,Sex: Total,2021,6.01
Maldives,Sex: Total,2020,11.338
Mexico,Sex: Total,2023,0.973
Mexico,Sex: Total,2022,0.429
Mexico,Sex: Total,2021,4.985
Mexico,Sex: Total,2020,16.225
North Macedonia,Sex: Total,2023,1.602
North Macedonia,Sex: Total,2022,0.605
North Macedonia,Sex: Total,2021,1.636
North Macedonia,Sex: Total,2020,9.946
Mali,Sex: Total,2023,4.196
Mali,Sex: Total,2022,4.628
Mali,Sex: Total,2021,5.207
Mali,Sex: Total,2020,3.909
Malta,Sex: Total,2023,5.287
Malta,Sex: Total,2022,5.082
Malta,Sex: Total,2021,10.312
Malta,Sex: Total,2020,11.271
Myanmar,Sex: Total,2020,9.519
Montenegro,Sex: Total,2023,3.802
Montenegro,Sex: Total,2022,2.753
Montenegro,Sex: Total,2021,12.418
Montenegro,Sex: Total,2020,11.422
Mongolia,Sex: Total,2023,13.44
Mongolia,Sex: Total,2022,13.881
Mongolia,Sex: Total,2021,17.649
Mongolia,Sex: Total,2020,9.52
Mozambique,Sex: Total,2023,3.376
Mozambique,Sex: Total,2022,3.591
Mozambique,Sex: Total,2021,5.707
Mozambique,Sex: Total,2020,5.931
Mauritania,Sex: Total,2023,1.909
Mauritania,Sex: Total,2022,1.136
Mauritania,Sex: Total,2021,4.954
Mauritania,Sex: Total,2020,5.211
Mauritius,Sex: Total,2023,-0.378
Mauritius,Sex: Total,2022,-0.402
Mauritius,Sex: Total,2021,5.774
Mauritius,Sex: Total,2020,7.399
Malawi,Sex: Total,2023,3.471
Malawi,Sex: Total,2022,3.177
Malawi,Sex: Total,2021,5.03
Malawi,Sex: Total,2020,3.552
Malaysia,Sex: Total,2023,0.725
Malaysia,Sex: Total,2022,0.441
Malaysia,Sex: Total,2021,5.885
Malaysia,Sex: Total,2020,10.891
Namibia,Sex: Total,2023,0.914
Namibia,Sex: Total,2022,1.469
Namibia,Sex: Total,2021,5.056
Namibia,Sex: Total,2020,6.224
New Caledonia,Sex: Total,2023,3.151
New Caledonia,Sex: Total,2022,2.75
New Caledonia,Sex: Total,2021,3.853
New Caledonia,Sex: Total,2020,3.383
Niger,Sex: Total,2023,-0.389
Niger,Sex: Total,2022,-0.917
Niger,Sex: Total,2021,3.894
Niger,Sex: Total,2020,2.17
Nigeria,Sex: Total,2023,2.671
Nigeria,Sex: Total,2022,2.137
Nigeria,Sex: Total,2021,5.39
Nigeria,Sex: Total,2020,8.979
Nicaragua,Sex: Total,2023,-0.926
Nicaragua,Sex: Total,2022,-2.677
Nicaragua,Sex: Total,2021,2.863
Nicaragua,Sex: Total,2020,2.208
Netherlands,Sex: Total,2023,-3.387
Netherlands,Sex: Total,2022,-5.47
Netherlands,Sex: Total,2021,-0.177
Netherlands,Sex: Total,2020,3.304
Norway,Sex: Total,2023,-1.765
Norway,Sex: Total,2022,-3.005
Norway,Sex: Total,2021,-0.884
Norway,Sex: Total,2020,3.57
Nepal,Sex: Total,2023,2.799
Nepal,Sex: Total,2022,3.761
Nepal,Sex: Total,2021,5.754
Nepal,Sex: Total,2020,16.731
New Zealand,Sex: Total,2023,-0.322
New Zealand,Sex: Total,2022,-2.325
New Zealand,Sex: Total,2021,-0.862
New Zealand,Sex: Total,2020,-0.293
Oman,Sex: Total,2023,1.109
Oman,Sex: Total,2022,1.728
Oman,Sex: Total,2021,6.577
Oman,Sex: Total,2020,13.216
Pakistan,Sex: Total,2023,8.507
Pakistan,Sex: Total,2022,8.665
Pakistan,Sex: Total,2021,8.679
Pakistan,Sex: Total,2020,11.684
Panama,Sex: Total,2023,1.789
Panama,Sex: Total,2022,0.532
Panama,Sex: Total,2021,6.842
Panama,Sex: Total,2020,21.525
Peru,Sex: Total,2023,6.158
Peru,Sex: Total,2022,2.633
Peru,Sex: Total,2021,7.231
Peru,Sex: Total,2020,28.72
Philippines,Sex: Total,2023,-1.19
Philippines,Sex: Total,2022,-1.059
Philippines,Sex: Total,2021,5.613
Philippines,Sex: Total,2020,16.774
Papua New Guinea,Sex: Total,2023,3.257
Papua New Guinea,Sex: Total,2022,3.123
Papua New Guinea,Sex: Total,2021,5.778
Papua New Guinea,Sex: Total,2020,2.846
Poland,Sex: Total,2023,0.074
Poland,Sex: Total,2022,-1.174
Poland,Sex: Total,2021,-1.503
Poland,Sex: Total,2020,2.425
Puerto Rico,Sex: Total,2023,-1.703
Puerto Rico,Sex: Total,2022,-3.459
Puerto Rico,Sex: Total,2021,2.547
Puerto Rico,Sex: Total,2020,12.293
"Korea, Democratic People's Republic of",Sex: Total,2023,0.143
"Korea, Democratic People's Republic of",Sex: Total,2022,0.426
"Korea, Democratic People's Republic of",Sex: Total,2021,4.283
"Korea, Democratic People's Republic of",Sex: Total,2020,5.487
Portugal,Sex: Total,2023,2.07
Portugal,Sex: Total,2022,1.367
Portugal,Sex: Total,2021,5.574
Portugal,Sex: Total,2020,11.732
Paraguay,Sex: Total,2023,1.985
Paraguay,Sex: Total,2022,2.577
Paraguay,Sex: Total,2021,1.819
Paraguay,Sex: Total,2020,13.219
Occupied Palestinian Territory,Sex: Total,2023,-3.563
Occupied Palestinian Territory,Sex: Total,2022,-2.614
Occupied Palestinian Territory,Sex: Total,2021,2.152
Occupied Palestinian Territory,Sex: Total,2020,17.361
French Polynesia,Sex: Total,2023,2.401
French Polynesia,Sex: Total,2022,2.194
French Polynesia,Sex: Total,2021,4.457
French Polynesia,Sex: Total,2020,5.092
Qatar,Sex: Total,2023,2.089
Qatar,Sex: Total,2022,2.415
Qatar,Sex: Total,2021,6.037
Qatar,Sex: Total,2020,9.758
Romania,Sex: Total,2023,6.78
Romania,Sex: Total,2022,7.911
Romania,Sex: Total,2021,8.598
Romania,Sex: Total,2020,5.98
Russian Federation,Sex: Total,2021,2.61
Russian Federation,Sex: Total,2020,6.046
Rwanda,Sex: Total,2023,3.145
Rwanda,Sex: Total,2022,2.983
Rwanda,Sex: Total,2021,4.823
Rwanda,Sex: Total,2020,7.467
Saudi Arabia,Sex: Total,2023,3.053
Saudi Arabia,Sex: Total,2022,4.269
Saudi Arabia,Sex: Total,2021,7.659
Saudi Arabia,Sex: Total,2020,8.951
Sudan,Sex: Total,2023,0.219
Sudan,Sex: Total,2022,0.686
Sudan,Sex: Total,2021,3.356
Sudan,Sex: Total,2020,6.627
Senegal,Sex: Total,2023,0.773
Senegal,Sex: Total,2022,1.087
Senegal,Sex: Total,2021,4.183
Senegal,Sex: Total,2020,6.397
Singapore,Sex: Total,2023,1.853
Singapore,Sex: Total,2022,1.866
Singapore,Sex: Total,2021,2.845
Singapore,Sex: Total,2020,5.685
Solomon Islands,Sex: Total,2023,5.176
Solomon Islands,Sex: Total,2022,5.86
Solomon Islands,Sex: Total,2021,3.328
Solomon Islands,Sex: Total,2020,1.44
Sierra Leone,Sex: Total,2023,3.051
Sierra Leone,Sex: Total,2022,2.429
Sierra Leone,Sex: Total,2021,5.481
Sierra Leone,Sex: Total,2020,2.794
El Salvador,Sex: Total,2023,1.446
El Salvador,Sex: Total,2022,1.273
El Salvador,Sex: Total,2021,4.462
El Salvador,Sex: Total,2020,18.78
Somalia,Sex: Total,2023,3.589
Somalia,Sex: Total,2022,2.249
Somalia,Sex: Total,2021,3.49
Somalia,Sex: Total,2020,2.093
Serbia,Sex: Total,2023,-4.1
Serbia,Sex: Total,2022,-6.803
Serbia,Sex: Total,2021,-5.169
Serbia,Sex: Total,2020,3.741
South Sudan,Sex: Total,2023,0.483
South Sudan,Sex: Total,2022,1.062
South Sudan,Sex: Total,2021,5.406
South Sudan,Sex: Total,2020,6.793
Sao Tome and Principe,Sex: Total,2023,4.865
Sao Tome and Principe,Sex: Total,2022,4.587
Sao Tome and Principe,Sex: Total,2021,5.082
Sao Tome and Principe,Sex: Total,2020,8.455
Suriname,Sex: Total,2023,3.352
Suriname,Sex: Total,2022,4.725
Suriname,Sex: Total,2021,6.899
Suriname,Sex: Total,2020,10.117
Slovakia,Sex: Total,2023,5.718
Slovakia,Sex: Total,2022,5.979
Slovakia,Sex: Total,2021,7.721
Slovakia,Sex: Total,2020,10.771
Slovenia,Sex: Total,2023,-1.777
Slovenia,Sex: Total,2022,-4.296
Slovenia,Sex: Total,2021,-1.655
Slovenia,Sex: Total,2020,6.777
Sweden,Sex: Total,2023,2.842
Sweden,Sex: Total,2022,2.088
Sweden,Sex: Total,2021,3.477
Sweden,Sex: Total,2020,5.478
Eswatini,Sex: Total,2023,6.208
Eswatini,Sex: Total,2022,5.876
Eswatini,Sex: Total,2021,6.518
Eswatini,Sex: Total,2020,9.056
Syrian Arab Republic,Sex: Total,2023,0.169
Syrian Arab Republic,Sex: Total,2022,0.993
Syrian Arab Republic,Sex: Total,2021,4.132
Syrian Arab Republic,Sex: Total,2020,5.795
Chad,Sex: Total,2023,0.748
Chad,Sex: Total,2022,0.743
Chad,Sex: Total,2021,3.222
Chad,Sex: Total,2020,5.834
Togo,Sex: Total,2023,1.081
Togo,Sex: Total,2022,0.916
Togo,Sex: Total,2021,4.966
Togo,Sex: Total,2020,5.355
Thailand,Sex: Total,2023,0.564
Thailand,Sex: Total,2022,0.182
Thailand,Sex: Total,2021,2.813
Thailand,Sex: Total,2020,3.713
Tajikistan,Sex: Total,2023,4.241
Tajikistan,Sex: Total,2022,2.393
Tajikistan,Sex: Total,2021,4.806
Tajikistan,Sex: Total,2020,4.085
Turkmenistan,Sex: Total,2023,5.352
Turkmenistan,Sex: Total,2022,4.343
Turkmenistan,Sex: Total,2021,6.504
Turkmenistan,Sex: Total,2020,3.049
Timor-Leste,Sex: Total,2023,1.951
Timor-Leste,Sex: Total,2022,1.612
Timor-Leste,Sex: Total,2021,6.252
Timor-Leste,Sex: Total,2020,2.764
Tonga,Sex: Total,2023,5.816
Tonga,Sex: Total,2022,6.406
Tonga,Sex: Total,2021,5.471
Tonga,Sex: Total,2020,3.839
Trinidad and Tobago,Sex: Total,2023,1.698
Trinidad and Tobago,Sex: Total,2022,2.569
Trinidad and Tobago,Sex: Total,2021,6.824
Trinidad and Tobago,Sex: Total,2020,10.887
Tunisia,Sex: Total,2023,2.731
Tunisia,Sex: Total,2022,3.209
Tunisia,Sex: Total,2021,6.547
Tunisia,Sex: Total,2020,5.355
Türkiye,Sex: Total,2023,-9.102
Türkiye,Sex: Total,2022,-9.709
Türkiye,Sex: Total,2021,1.073
Türkiye,Sex: Total,2020,12.736
"Taiwan, China",Sex: Total,2023,-1.049
"Taiwan, China",Sex: Total,2022,-1.651
"Taiwan, China",Sex: Total,2021,1.046
"Taiwan, China",Sex: Total,2020,1.953
"Tanzania, United Republic of",Sex: Total,2023,1.312
"Tanzania, United Republic of",Sex: Total,2022,1.369
"Tanzania, United Republic of",Sex: Total,2021,3.259
"Tanzania, United Republic of",Sex: Total,2020,2.701
Uganda,Sex: Total,2023,4.755
Uganda,Sex: Total,2022,5.42
Uganda,Sex: Total,2021,6.22
Uganda,Sex: Total,2020,12.377
Ukraine,Sex: Total,2021,3.284
Ukraine,Sex: Total,2020,7.775
Uruguay,Sex: Total,2023,-1.876
Uruguay,Sex: Total,2022,-1.43
Uruguay,Sex: Total,2021,-0.374
Uruguay,Sex: Total,2020,11.558
United States,Sex: Total,2023,3.088
United States,Sex: Total,2022,1.535
United States,Sex: Total,2021,4.778
United States,Sex: Total,2020,9.275
Uzbekistan,Sex: Total,2023,3.283
Uzbekistan,Sex: Total,2022,2.548
Uzbekistan,Sex: Total,2021,4.956
Uzbekistan,Sex: Total,2020,7.693
Saint Vincent and the Grenadines,Sex: Total,2023,-2.386
Saint Vincent and the Grenadines,Sex: Total,2022,-1.635
Saint Vincent and the Grenadines,Sex: Total,2021,4.664
Saint Vincent and the Grenadines,Sex: Total,2020,9.409
"Venezuela, Bolivarian Republic of",Sex: Total,2023,0.165
"Venezuela, Bolivarian Republic of",Sex: Total,2022,2.363
"Venezuela, Bolivarian Republic of",Sex: Total,2021,6.569
"Venezuela, Bolivarian Republic of",Sex: Total,2020,12.978
United States Virgin Islands,Sex: Total,2023,-2.762
United States Virgin Islands,Sex: Total,2022,-3.265
United States Virgin Islands,Sex: Total,2021,2.388
United States Virgin Islands,Sex: Total,2020,4.127
Viet Nam,Sex: Total,2023,5.925
Viet Nam,Sex: Total,2022,5.399
Viet Nam,Sex: Total,2021,12.415
Viet Nam,Sex: Total,2020,2.155
Vanuatu,Sex: Total,2023,1.665
Vanuatu,Sex: Total,2022,1.983
Vanuatu,Sex: Total,2021,2.81
Vanuatu,Sex: Total,2020,4.259
Samoa,Sex: Total,2023,2.128
Samoa,Sex: Total,2022,3.182
Samoa,Sex: Total,2021,3.192
Samoa,Sex: Total,2020,3.381
World,Sex: Total,2023,1.59
World,Sex: Total,2022,1.408
World,Sex: Total,2021,3.642
World,Sex: Male,2021,3.661
World,Sex: Female,2021,3.606
World,Sex: Total,2020,8.705
World,Sex: Male,2020,8.481
World,Sex: Female,2020,9.108
World: Low income,Sex: Total,2023,2.058
World: Low income,Sex: Total,2022,2.141
World: Low income,Sex: Total,2021,4.616
World: Low income,Sex: Male,2021,4.154
World: Low income,Sex: Female,2021,5.333
World: Low income,Sex: Total,2020,5.862
World: Low income,Sex: Male,2020,4.869
World: Low income,Sex: Female,2020,7.404
World: Lower-middle income,Sex: Total,2023,2.585
World: Lower-middle income,Sex: Total,2022,2.663
World: Lower-middle income,Sex: Total,2021,6.353
World: Lower-middle income,Sex: Male,2021,5.987
World: Lower-middle income,Sex: Female,2021,7.345
World: Lower-middle income,Sex: Total,2020,11.206
World: Lower-middle income,Sex: Male,2020,11.144
World: Lower-middle income,Sex: Female,2020,11.373
World: Upper-middle income,Sex: Total,2023,0.479
World: Upper-middle income,Sex: Total,2022,0.323
World: Upper-middle income,Sex: Total,2021,0.752
World: Upper-middle income,Sex: Male,2021,0.505
World: Upper-middle income,Sex: Female,2021,1.094
World: Upper-middle income,Sex: Total,2020,7.128
World: Upper-middle income,Sex: Male,2020,6.264
World: Upper-middle income,Sex: Female,2020,8.323
World: High income,Sex: Total,2023,1.583
World: High income,Sex: Total,2022,0.626
World: High income,Sex: Total,2021,3.612
World: High income,Sex: Male,2021,3.939
World: High income,Sex: Female,2021,3.118
World: High income,Sex: Total,2020,7.643
World: High income,Sex: Male,2020,7.348
World: High income,Sex: Female,2020,8.089
Africa,Sex: Total,2023,2.312
Africa,Sex: Total,2022,2.222
Africa,Sex: Total,2021,5.146
Africa,Sex: Male,2021,4.866
Africa,Sex: Female,2021,5.577
Africa,Sex: Total,2020,7.134
Africa,Sex: Male,2020,6.327
Africa,Sex: Female,2020,8.378
Africa: Low income,Sex: Total,2023,2.4
Africa: Low income,Sex: Total,2022,2.374
Africa: Low income,Sex: Total,2021,4.708
Africa: Low income,Sex: Male,2021,4.326
Africa: Low income,Sex: Female,2021,5.235
Africa: Low income,Sex: Total,2020,5.917
Africa: Low income,Sex: Male,2020,4.83
Africa: Low income,Sex: Female,2020,7.416
Africa: Lower-middle income,Sex: Total,2023,1.904
Africa: Lower-middle income,Sex: Total,2022,1.642
Africa: Lower-middle income,Sex: Total,2021,5.14
Africa: Lower-middle income,Sex: Male,2021,4.906
Africa: Lower-middle income,Sex: Female,2021,5.536
Africa: Lower-middle income,Sex: Total,2020,7.831
Africa: Lower-middle income,Sex: Male,2020,7.117
Africa: Lower-middle income,Sex: Female,2020,9.038
Africa: Upper-middle income,Sex: Total,2023,6.026
Africa: Upper-middle income,Sex: Total,2022,7.187
Africa: Upper-middle income,Sex: Total,2021,8.852
Africa: Upper-middle income,Sex: Male,2021,8.768
Africa: Upper-middle income,Sex: Female,2021,8.978
Africa: Upper-middle income,Sex: Total,2020,9.733
Africa: Upper-middle income,Sex: Male,2020,9.435
Africa: Upper-middle income,Sex: Female,2020,10.178
Northern Africa,Sex: Total,2023,1.116
Northern Africa,Sex: Total,2022,1.093
Northern Africa,Sex: Total,2021,5.566
Northern Africa,Sex: Male,2021,5.43
Northern Africa,Sex: Female,2021,6.21
Northern Africa,Sex: Total,2020,9.543
Northern Africa,Sex: Male,2020,9.099
Northern Africa,Sex: Female,2020,11.648
Northern Africa: Lower-middle income,Sex: Total,2023,1.308
Northern Africa: Lower-middle income,Sex: Total,2022,1.114
Northern Africa: Lower-middle income,Sex: Total,2021,5.907
Northern Africa: Lower-middle income,Sex: Male,2021,5.755
Northern Africa: Lower-middle income,Sex: Female,2021,6.698
Northern Africa: Lower-middle income,Sex: Total,2020,9.993
Northern Africa: Lower-middle income,Sex: Male,2020,9.545
Northern Africa: Lower-middle income,Sex: Female,2020,12.328
Sub-Saharan Africa,Sex: Total,2023,2.522
Sub-Saharan Africa,Sex: Total,2022,2.422
Sub-Saharan Africa,Sex: Total,2021,5.07
Sub-Saharan Africa,Sex: Male,2021,4.718
Sub-Saharan Africa,Sex: Female,2021,5.531
Sub-Saharan Africa,Sex: Total,2020,6.694
Sub-Saharan Africa,Sex: Male,2020,5.59
Sub-Saharan Africa,Sex: Female,2020,8.138
Sub-Saharan Africa: Low income,Sex: Total,2023,2.512
Sub-Saharan Africa: Low income,Sex: Total,2022,2.461
Sub-Saharan Africa: Low income,Sex: Total,2021,4.778
Sub-Saharan Africa: Low income,Sex: Male,2021,4.407
Sub-Saharan Africa: Low income,Sex: Female,2021,5.269
Sub-Saharan Africa: Low income,Sex: Total,2020,5.88
Sub-Saharan Africa: Low income,Sex: Male,2020,4.746
Sub-Saharan Africa: Low income,Sex: Female,2020,7.382
Sub-Saharan Africa: Lower-middle income,Sex: Total,2023,2.086
Sub-Saharan Africa: Lower-middle income,Sex: Total,2022,1.806
Sub-Saharan Africa: Lower-middle income,Sex: Total,2021,4.898
Sub-Saharan Africa: Lower-middle income,Sex: Male,2021,4.505
Sub-Saharan Africa: Lower-middle income,Sex: Female,2021,5.401
Sub-Saharan Africa: Lower-middle income,Sex: Total,2020,7.139
Sub-Saharan Africa: Lower-middle income,Sex: Male,2020,5.955
Sub-Saharan Africa: Lower-middle income,Sex: Female,2020,8.652
Sub-Saharan Africa: Upper-middle income,Sex: Total,2023,6.616
Sub-Saharan Africa: Upper-middle income,Sex: Total,2022,7.638
Sub-Saharan Africa: Upper-middle income,Sex: Total,2021,9.125
Sub-Saharan Africa: Upper-middle income,Sex: Male,2021,9.111
Sub-Saharan Africa: Upper-middle income,Sex: Female,2021,9.145
Sub-Saharan Africa: Upper-middle income,Sex: Total,2020,9.72
Sub-Saharan Africa: Upper-middle income,Sex: Male,2020,9.475
Sub-Saharan Africa: Upper-middle income,Sex: Female,2020,10.072
Central Africa,Sex: Total,2023,1.377
Central Africa,Sex: Total,2022,1.3
Central Africa,Sex: Total,2021,4.478
Central Africa,Sex: Male,2021,4.071
Central Africa,Sex: Female,2021,4.965
Central Africa,Sex: Total,2020,6.065
Central Africa,Sex: Male,2020,4.858
Central Africa,Sex: Female,2020,7.505
Eastern Africa,Sex: Total,2023,2.711
Eastern Africa,Sex: Total,2022,2.739
Eastern Africa,Sex: Total,2021,4.894
Eastern Africa,Sex: Male,2021,4.534
Eastern Africa,Sex: Female,2021,5.362
Eastern Africa,Sex: Total,2020,6.616
Eastern Africa,Sex: Male,2020,5.476
Eastern Africa,Sex: Female,2020,8.095
Southern Africa,Sex: Total,2023,6.955
Southern Africa,Sex: Total,2022,7.991
Southern Africa,Sex: Total,2021,9.256
Southern Africa,Sex: Male,2021,9.183
Southern Africa,Sex: Female,2021,9.358
Southern Africa,Sex: Total,2020,9.682
Southern Africa,Sex: Male,2020,9.369
Southern Africa,Sex: Female,2020,10.121
Western Africa,Sex: Total,2023,2.155
Western Africa,Sex: Total,2022,1.702
Western Africa,Sex: Total,2021,4.926
Western Africa,Sex: Male,2021,4.537
Western Africa,Sex: Female,2021,5.458
Western Africa,Sex: Total,2020,6.616
Western Africa,Sex: Male,2020,5.454
Western Africa,Sex: Female,2020,8.2
Americas,Sex: Total,2023,1.008
Americas,Sex: Total,2022,-0.273
Americas,Sex: Total,2021,4.501
Americas,Sex: Male,2021,3.873
Americas,Sex: Female,2021,5.474
Americas,Sex: Total,2020,13.909
Americas,Sex: Male,2020,12.748
Americas,Sex: Female,2020,15.707
Americas: Lower-middle income,Sex: Total,2023,0.683
Americas: Lower-middle income,Sex: Total,2022,0.02
Americas: Lower-middle income,Sex: Total,2021,2.558
Americas: Lower-middle income,Sex: Male,2021,2.209
Americas: Lower-middle income,Sex: Female,2021,3.12
Americas: Lower-middle income,Sex: Total,2020,12.936
Americas: Lower-middle income,Sex: Male,2020,12.051
Americas: Lower-middle income,Sex: Female,2020,14.362
Americas: Upper-middle income,Sex: Total,2023,-0.064
Americas: Upper-middle income,Sex: Total,2022,-1.083
Americas: Upper-middle income,Sex: Total,2021,4.767
Americas: Upper-middle income,Sex: Male,2021,3.765
Americas: Upper-middle income,Sex: Female,2021,6.483
Americas: Upper-middle income,Sex: Total,2020,17.124
Americas: Upper-middle income,Sex: Male,2020,15.417
Americas: Upper-middle income,Sex: Female,2020,20.05
Americas: High income,Sex: Total,2023,2.571
Americas: High income,Sex: Total,2022,0.841
Americas: High income,Sex: Total,2021,4.345
Americas: High income,Sex: Male,2021,4.242
Americas: High income,Sex: Female,2021,4.483
Americas: High income,Sex: Total,2020,9.528
Americas: High income,Sex: Male,2020,8.727
Americas: High income,Sex: Female,2020,10.604
Latin America and the Caribbean,Sex: Total,2023,-0.03
Latin America and the Caribbean,Sex: Total,2022,-1.092
Latin America and the Caribbean,Sex: Total,2021,4.554
Latin America and the Caribbean,Sex: Male,2021,3.635
Latin America and the Caribbean,Sex: Female,2021,6.115
Latin America and the Caribbean,Sex: Total,2020,16.648
Latin America and the Caribbean,Sex: Male,2020,15.031
Latin America and the Caribbean,Sex: Female,2020,19.397
Latin America and the Caribbean: Lower-middle income,Sex: Total,2023,0.683
Latin America and the Caribbean: Lower-middle income,Sex: Total,2022,0.02
Latin America and the Caribbean: Lower-middle income,Sex: Total,2021,2.558
Latin America and the Caribbean: Lower-middle income,Sex: Male,2021,2.209
Latin America and the Caribbean: Lower-middle income,Sex: Female,2021,3.12
Latin America and the Caribbean: Lower-middle income,Sex: Total,2020,12.936
Latin America and the Caribbean: Lower-middle income,Sex: Male,2020,12.051
Latin America and the Caribbean: Lower-middle income,Sex: Female,2020,14.362
Latin America and the Caribbean: Upper-middle income,Sex: Total,2023,-0.064
Latin America and the Caribbean: Upper-middle income,Sex: Total,2022,-1.083
Latin America and the Caribbean: Upper-middle income,Sex: Total,2021,4.767
Latin America and the Caribbean: Upper-middle income,Sex: Male,2021,3.765
Latin America and the Caribbean: Upper-middle income,Sex: Female,2021,6.483
Latin America and the Caribbean: Upper-middle income,Sex: Total,2020,17.124
Latin America and the Caribbean: Upper-middle income,Sex: Male,2020,15.417
Latin America and the Caribbean: Upper-middle income,Sex: Female,2020,20.05
Latin America and the Caribbean: High income,Sex: Total,2023,-0.495
Latin America and the Caribbean: High income,Sex: Total,2022,-2.975
Latin America and the Caribbean: High income,Sex: Total,2021,3.518
Latin America and the Caribbean: High income,Sex: Male,2021,3.254
Latin America and the Caribbean: High income,Sex: Female,2021,3.934
Latin America and the Caribbean: High income,Sex: Total,2020,13.149
Latin America and the Caribbean: High income,Sex: Male,2020,11.939
Latin America and the Caribbean: High income,Sex: Female,2020,15.057
Caribbean,Sex: Total,2023,1.255
Caribbean,Sex: Total,2022,1.183
Caribbean,Sex: Total,2021,5.212
Caribbean,Sex: Male,2021,4.512
Caribbean,Sex: Female,2021,6.295
Caribbean,Sex: Total,2020,12.538
Caribbean,Sex: Male,2020,11.108
Caribbean,Sex: Female,2020,14.751
Central America,Sex: Total,2023,1.405
Central America,Sex: Total,2022,0.86
Central America,Sex: Total,2021,5.308
Central America,Sex: Male,2021,5.121
Central America,Sex: Female,2021,5.679
Central America,Sex: Total,2020,16.287
Central America,Sex: Male,2020,15.525
Central America,Sex: Female,2020,17.794
South America,Sex: Total,2023,-0.798
South America,Sex: Total,2022,-2.183
South America,Sex: Total,2021,4.155
South America,Sex: Male,2021,2.842
South America,Sex: Female,2021,6.267
South America,Sex: Total,2020,17.21
South America,Sex: Male,2020,15.174
South America,Sex: Female,2020,20.483
Northern America,Sex: Total,2023,2.815
Northern America,Sex: Total,2022,1.145
Northern America,Sex: Total,2021,4.411
Northern America,Sex: Male,2021,4.326
Northern America,Sex: Female,2021,4.523
Northern America,Sex: Total,2020,9.242
Northern America,Sex: Male,2020,8.454
Northern America,Sex: Female,2020,10.286
Northern America: High income,Sex: Total,2023,2.815
Northern America: High income,Sex: Total,2022,1.145
Northern America: High income,Sex: Total,2021,4.411
Northern America: High income,Sex: Male,2021,4.326
Northern America: High income,Sex: Female,2021,4.523
Northern America: High income,Sex: Total,2020,9.242
Northern America: High income,Sex: Male,2020,8.454
Northern America: High income,Sex: Female,2020,10.286
Arab States,Sex: Total,2023,1.382
Arab States,Sex: Total,2022,2.186
Arab States,Sex: Total,2021,6.091
Arab States,Sex: Male,2021,5.98
Arab States,Sex: Female,2021,6.921
Arab States,Sex: Total,2020,9.27
Arab States,Sex: Male,2020,8.904
Arab States,Sex: Female,2020,12.011
Arab States: Lower-middle income,Sex: Total,2023,0.614
Arab States: Lower-middle income,Sex: Total,2022,2.055
Arab States: Lower-middle income,Sex: Total,2021,5.293
Arab States: Lower-middle income,Sex: Male,2021,5.239
Arab States: Lower-middle income,Sex: Female,2021,5.549
Arab States: Lower-middle income,Sex: Total,2020,12.305
Arab States: Lower-middle income,Sex: Male,2020,12.014
Arab States: Lower-middle income,Sex: Female,2020,13.657
Arab States: Upper-middle income,Sex: Total,2023,1.445
Arab States: Upper-middle income,Sex: Total,2022,2.17
Arab States: Upper-middle income,Sex: Total,2021,6.021
Arab States: Upper-middle income,Sex: Male,2021,5.97
Arab States: Upper-middle income,Sex: Female,2021,6.663
Arab States: Upper-middle income,Sex: Total,2020,10.987
Arab States: Upper-middle income,Sex: Male,2020,10.818
Arab States: Upper-middle income,Sex: Female,2020,13.093
Arab States: High income,Sex: Total,2023,2.052
Arab States: High income,Sex: Total,2022,2.793
Arab States: High income,Sex: Total,2021,6.917
Arab States: High income,Sex: Male,2021,6.804
Arab States: High income,Sex: Female,2021,7.613
Arab States: High income,Sex: Total,2020,10.086
Arab States: High income,Sex: Male,2020,9.675
Arab States: High income,Sex: Female,2020,12.66
Asia and the Pacific,Sex: Total,2023,1.548
Asia and the Pacific,Sex: Total,2022,1.512
Asia and the Pacific,Sex: Total,2021,3.202
Asia and the Pacific,Sex: Male,2021,3.389
Asia and the Pacific,Sex: Female,2021,2.832
Asia and the Pacific,Sex: Total,2020,8.059
Asia and the Pacific,Sex: Male,2020,8.192
Asia and the Pacific,Sex: Female,2020,7.797
Asia and the Pacific: Low income,Sex: Total,2023,0.539
Asia and the Pacific: Low income,Sex: Total,2022,1.101
Asia and the Pacific: Low income,Sex: Total,2021,4.171
Asia and the Pacific: Low income,Sex: Male,2021,3.135
Asia and the Pacific: Low income,Sex: Female,2021,6.374
Asia and the Pacific: Low income,Sex: Total,2020,6.181
Asia and the Pacific: Low income,Sex: Male,2020,5.643
Asia and the Pacific: Low income,Sex: Female,2020,7.311
Asia and the Pacific: Lower-middle income,Sex: Total,2023,2.52
Asia and the Pacific: Lower-middle income,Sex: Total,2022,2.494
Asia and the Pacific: Lower-middle income,Sex: Total,2021,6.785
Asia and the Pacific: Lower-middle income,Sex: Male,2021,6.309
Asia and the Pacific: Lower-middle income,Sex: Female,2021,8.297
Asia and the Pacific: Lower-middle income,Sex: Total,2020,12.066
Asia and the Pacific: Lower-middle income,Sex: Male,2020,12.012
Asia and the Pacific: Lower-middle income,Sex: Female,2020,12.239
Asia and the Pacific: Upper-middle income,Sex: Total,2023,0.513
Asia and the Pacific: Upper-middle income,Sex: Total,2022,0.55
Asia and the Pacific: Upper-middle income,Sex: Total,2021,-0.795
Asia and the Pacific: Upper-middle income,Sex: Male,2021,-1.031
Asia and the Pacific: Upper-middle income,Sex: Female,2021,-0.492
Asia and the Pacific: Upper-middle income,Sex: Total,2020,4.213
Asia and the Pacific: Upper-middle income,Sex: Male,2020,3.149
Asia and the Pacific: Upper-middle income,Sex: Female,2020,5.573
Asia and the Pacific: High income,Sex: Total,2023,1.01
Asia and the Pacific: High income,Sex: Total,2022,0.337
Asia and the Pacific: High income,Sex: Total,2021,2.499
Asia and the Pacific: High income,Sex: Male,2021,3.006
Asia and the Pacific: High income,Sex: Female,2021,1.705
Asia and the Pacific: High income,Sex: Total,2020,3.731
Asia and the Pacific: High income,Sex: Male,2020,3.686
Asia and the Pacific: High income,Sex: Female,2020,3.801
Eastern Asia,Sex: Total,2023,0.576
Eastern Asia,Sex: Total,2022,0.578
Eastern Asia,Sex: Total,2021,-0.588
Eastern Asia,Sex: Male,2021,-0.796
Eastern Asia,Sex: Female,2021,-0.315
Eastern Asia,Sex: Total,2020,4.08
Eastern Asia,Sex: Male,2020,3.062
Eastern Asia,Sex: Female,2020,5.408
Eastern Asia: High income,Sex: Total,2023,1.012
Eastern Asia: High income,Sex: Total,2022,0.474
Eastern Asia: High income,Sex: Total,2021,2.613
Eastern Asia: High income,Sex: Male,2021,3.121
Eastern Asia: High income,Sex: Female,2021,1.81
Eastern Asia: High income,Sex: Total,2020,3.639
Eastern Asia: High income,Sex: Male,2020,3.581
Eastern Asia: High income,Sex: Female,2020,3.73
South-Eastern Asia and the Pacific,Sex: Total,2023,2.558
South-Eastern Asia and the Pacific,Sex: Total,2022,2.299
South-Eastern Asia and the Pacific,Sex: Total,2021,6.599
South-Eastern Asia and the Pacific,Sex: Male,2021,6.784
South-Eastern Asia and the Pacific,Sex: Female,2021,6.327
South-Eastern Asia and the Pacific,Sex: Total,2020,7.194
South-Eastern Asia and the Pacific,Sex: Male,2020,6.863
South-Eastern Asia and the Pacific,Sex: Female,2020,7.684
South-Eastern Asia and the Pacific: Lower-middle income,Sex: Total,2023,3.055
South-Eastern Asia and the Pacific: Lower-middle income,Sex: Total,2022,2.897
South-Eastern Asia and the Pacific: Lower-middle income,Sex: Total,2021,7.498
South-Eastern Asia and the Pacific: Lower-middle income,Sex: Male,2021,7.427
South-Eastern Asia and the Pacific: Lower-middle income,Sex: Female,2021,7.605
South-Eastern Asia and the Pacific: Lower-middle income,Sex: Total,2020,7.656
South-Eastern Asia and the Pacific: Lower-middle income,Sex: Male,2020,7.203
South-Eastern Asia and the Pacific: Lower-middle income,Sex: Female,2020,8.339
South-Eastern Asia and the Pacific: Upper-middle income,Sex: Total,2023,0.622
South-Eastern Asia and the Pacific: Upper-middle income,Sex: Total,2022,0.274
South-Eastern Asia and the Pacific: Upper-middle income,Sex: Total,2021,3.769
South-Eastern Asia and the Pacific: Upper-middle income,Sex: Male,2021,4.963
South-Eastern Asia and the Pacific: Upper-middle income,Sex: Female,2021,2.184
South-Eastern Asia and the Pacific: Upper-middle income,Sex: Total,2020,5.883
South-Eastern Asia and the Pacific: Upper-middle income,Sex: Male,2020,5.947
South-Eastern Asia and the Pacific: Upper-middle income,Sex: Female,2020,5.799
South-Eastern Asia and the Pacific: High income,Sex: Total,2023,1.001
South-Eastern Asia and the Pacific: High income,Sex: Total,2022,-0.505
South-Eastern Asia and the Pacific: High income,Sex: Total,2021,1.789
South-Eastern Asia and the Pacific: High income,Sex: Male,2021,2.272
South-Eastern Asia and the Pacific: High income,Sex: Female,2021,1.082
South-Eastern Asia and the Pacific: High income,Sex: Total,2020,4.308
South-Eastern Asia and the Pacific: High income,Sex: Male,2020,4.364
South-Eastern Asia and the Pacific: High income,Sex: Female,2020,4.225
South-Eastern Asia,Sex: Total,2023,2.619
South-Eastern Asia,Sex: Total,2022,2.425
South-Eastern Asia,Sex: Total,2021,6.816
South-Eastern Asia,Sex: Male,2021,6.992
South-Eastern Asia,Sex: Female,2021,6.555
South-Eastern Asia,Sex: Total,2020,7.376
South-Eastern Asia,Sex: Male,2020,7.033
South-Eastern Asia,Sex: Female,2020,7.885
Pacific Islands,Sex: Total,2023,1.397
Pacific Islands,Sex: Total,2022,-0.096
Pacific Islands,Sex: Total,2021,2.465
Pacific Islands,Sex: Male,2021,2.707
Pacific Islands,Sex: Female,2021,2.129
Pacific Islands,Sex: Total,2020,3.714
Pacific Islands,Sex: Male,2020,3.532
Pacific Islands,Sex: Female,2020,3.969
Southern Asia,Sex: Total,2023,2.292
Southern Asia,Sex: Total,2022,2.324
Southern Asia,Sex: Total,2021,6.477
Southern Asia,Sex: Male,2021,5.949
Southern Asia,Sex: Female,2021,8.849
Southern Asia,Sex: Total,2020,13.561
Southern Asia,Sex: Male,2020,13.19
Southern Asia,Sex: Female,2020,15.232
Southern Asia: Lower-middle income,Sex: Total,2023,2.308
Southern Asia: Lower-middle income,Sex: Total,2022,2.327
Southern Asia: Lower-middle income,Sex: Total,2021,6.51
Southern Asia: Lower-middle income,Sex: Male,2021,5.999
Southern Asia: Lower-middle income,Sex: Female,2021,8.793
Southern Asia: Lower-middle income,Sex: Total,2020,13.642
Southern Asia: Lower-middle income,Sex: Male,2020,13.275
Southern Asia: Lower-middle income,Sex: Female,2020,15.28
Europe and Central Asia,Sex: Total,2023,1.635
Europe and Central Asia,Sex: Total,2022,1.673
Europe and Central Asia,Sex: Total,2021,2.903
Europe and Central Asia,Sex: Male,2021,3.076
Europe and Central Asia,Sex: Female,2021,2.661
Europe and Central Asia,Sex: Total,2020,7.984
Europe and Central Asia,Sex: Male,2020,7.661
Europe and Central Asia,Sex: Female,2020,8.433
Europe and Central Asia: Lower-middle income,Sex: Total,2023,11.411
Europe and Central Asia: Lower-middle income,Sex: Total,2022,17.026
Europe and Central Asia: Lower-middle income,Sex: Total,2021,4.176
Europe and Central Asia: Lower-middle income,Sex: Male,2021,3.911
Europe and Central Asia: Lower-middle income,Sex: Female,2021,4.549
Europe and Central Asia: Lower-middle income,Sex: Total,2020,7.711
Europe and Central Asia: Lower-middle income,Sex: Male,2020,6.634
Europe and Central Asia: Lower-middle income,Sex: Female,2020,9.224
Europe and Central Asia: Upper-middle income,Sex: Total,2023,0.19
Europe and Central Asia: Upper-middle income,Sex: Total,2022,0.024
Europe and Central Asia: Upper-middle income,Sex: Total,2021,2.133
Europe and Central Asia: Upper-middle income,Sex: Male,2021,1.95
Europe and Central Asia: Upper-middle income,Sex: Female,2021,2.389
Europe and Central Asia: Upper-middle income,Sex: Total,2020,8.096
Europe and Central Asia: Upper-middle income,Sex: Male,2020,7.554
Europe and Central Asia: Upper-middle income,Sex: Female,2020,8.852
Europe and Central Asia: High income,Sex: Total,2023,1.039
Europe and Central Asia: High income,Sex: Total,2022,0.286
Europe and Central Asia: High income,Sex: Total,2021,3.15
Europe and Central Asia: High income,Sex: Male,2021,3.606
Europe and Central Asia: High income,Sex: Female,2021,2.517
Europe and Central Asia: High income,Sex: Total,2020,7.961
Europe and Central Asia: High income,Sex: Male,2020,7.891
Europe and Central Asia: High income,Sex: Female,2020,8.059
"Northern, Southern and Western Europe",Sex: Total,2023,0.656
"Northern, Southern and Western Europe",Sex: Total,2022,-0.203
"Northern, Southern and Western Europe",Sex: Total,2021,3.146
"Northern, Southern and Western Europe",Sex: Male,2021,3.481
"Northern, Southern and Western Europe",Sex: Female,2021,2.677
"Northern, Southern and Western Europe",Sex: Total,2020,8.525
"Northern, Southern and Western Europe",Sex: Male,2020,8.525
"Northern, Southern and Western Europe",Sex: Female,2020,8.524
"Northern, Southern and Western Europe: Upper-middle income",Sex: Total,2023,-1.473
"Northern, Southern and Western Europe: Upper-middle income",Sex: Total,2022,-3.526
"Northern, Southern and Western Europe: Upper-middle income",Sex: Total,2021,-1.384
"Northern, Southern and Western Europe: Upper-middle income",Sex: Male,2021,-1.91
"Northern, Southern and Western Europe: Upper-middle income",Sex: Female,2021,-0.614
"Northern, Southern and Western Europe: Upper-middle income",Sex: Total,2020,5.886
"Northern, Southern and Western Europe: Upper-middle income",Sex: Male,2020,5.18
"Northern, Southern and Western Europe: Upper-middle income",Sex: Female,2020,6.919
"Northern, Southern and Western Europe: High income",Sex: Total,2023,0.736
"Northern, Southern and Western Europe: High income",Sex: Total,2022,-0.078
"Northern, Southern and Western Europe: High income",Sex: Total,2021,3.317
"Northern, Southern and Western Europe: High income",Sex: Male,2021,3.689
"Northern, Southern and Western Europe: High income",Sex: Female,2021,2.798
"Northern, Southern and Western Europe: High income",Sex: Total,2020,8.626
"Northern, Southern and Western Europe: High income",Sex: Male,2020,8.655
"Northern, Southern and Western Europe: High income",Sex: Female,2020,8.584
Northern Europe,Sex: Total,2023,1.674
Northern Europe,Sex: Total,2022,1
Northern Europe,Sex: Total,2021,4.229
Northern Europe,Sex: Male,2021,4.646
Northern Europe,Sex: Female,2021,3.667
Northern Europe,Sex: Total,2020,8.998
Northern Europe,Sex: Male,2020,9.085
Northern Europe,Sex: Female,2020,8.881
Southern Europe,Sex: Total,2023,-0.128
Southern Europe,Sex: Total,2022,-1.347
Southern Europe,Sex: Total,2021,3.436
Southern Europe,Sex: Male,2021,3.627
Southern Europe,Sex: Female,2021,3.155
Southern Europe,Sex: Total,2020,11.379
Southern Europe,Sex: Male,2020,11.28
Southern Europe,Sex: Female,2020,11.526
Western Europe,Sex: Total,2023,0.622
Western Europe,Sex: Total,2022,-0.088
Western Europe,Sex: Total,2021,2.329
Western Europe,Sex: Male,2021,2.723
Western Europe,Sex: Female,2021,1.784
Western Europe,Sex: Total,2020,6.253
Western Europe,Sex: Male,2020,6.227
Western Europe,Sex: Female,2020,6.289
Eastern Europe,Sex: Total,2023,5.651
Eastern Europe,Sex: Total,2022,7.225
Eastern Europe,Sex: Total,2021,2.553
Eastern Europe,Sex: Male,2021,2.929
Eastern Europe,Sex: Female,2021,2.101
Eastern Europe,Sex: Total,2020,5.733
Eastern Europe,Sex: Male,2020,4.819
Eastern Europe,Sex: Female,2020,6.827
Eastern Europe: Upper-middle income,Sex: Total,2023,4.078
Eastern Europe: Upper-middle income,Sex: Total,2022,4.139
Eastern Europe: Upper-middle income,Sex: Total,2021,2.48
Eastern Europe: Upper-middle income,Sex: Male,2021,2.799
Eastern Europe: Upper-middle income,Sex: Female,2021,2.115
Eastern Europe: Upper-middle income,Sex: Total,2020,5.785
Eastern Europe: Upper-middle income,Sex: Male,2020,4.832
Eastern Europe: Upper-middle income,Sex: Female,2020,6.871
Eastern Europe: High income,Sex: Total,2023,2.759
Eastern Europe: High income,Sex: Total,2022,2.296
Eastern Europe: High income,Sex: Total,2021,2.341
Eastern Europe: High income,Sex: Male,2021,3.187
Eastern Europe: High income,Sex: Female,2021,1.191
Eastern Europe: High income,Sex: Total,2020,4.623
Eastern Europe: High income,Sex: Male,2020,4.009
Eastern Europe: High income,Sex: Female,2020,5.455
Central Asia,Sex: Total,2023,2.917
Central Asia,Sex: Total,2022,2.576
Central Asia,Sex: Total,2021,4.757
Central Asia,Sex: Male,2021,4.475
Central Asia,Sex: Female,2021,5.192
Central Asia,Sex: Total,2020,8.379
Central Asia,Sex: Male,2020,7.248
Central Asia,Sex: Female,2020,10.124
Central and Western Asia: Lower-middle income,Sex: Total,2023,3.486
Central and Western Asia: Lower-middle income,Sex: Total,2022,2.677
Central and Western Asia: Lower-middle income,Sex: Total,2021,5.089
Central and Western Asia: Lower-middle income,Sex: Male,2021,4.786
Central and Western Asia: Lower-middle income,Sex: Female,2021,5.621
Central and Western Asia: Lower-middle income,Sex: Total,2020,7.644
Central and Western Asia: Lower-middle income,Sex: Male,2020,6.716
Central and Western Asia: Lower-middle income,Sex: Female,2020,9.274
Central and Western Asia: Upper-middle income,Sex: Total,2023,-5.288
Central and Western Asia: Upper-middle income,Sex: Total,2022,-5.589
Central and Western Asia: Upper-middle income,Sex: Total,2021,2.1
Central and Western Asia: Upper-middle income,Sex: Male,2021,1.401
Central and Western Asia: Upper-middle income,Sex: Female,2021,3.434
Central and Western Asia: Upper-middle income,Sex: Total,2020,11.919
Central and Western Asia: Upper-middle income,Sex: Male,2020,11.217
Central and Western Asia: Upper-middle income,Sex: Female,2020,13.257
Central and Western Asia: High income,Sex: Total,2023,-2.175
Central and Western Asia: High income,Sex: Total,2022,-2.505
Central and Western Asia: High income,Sex: Total,2021,3.062
Central and Western Asia: High income,Sex: Male,2021,3.646
Central and Western Asia: High income,Sex: Female,2021,2.249
Central and Western Asia: High income,Sex: Total,2020,9.089
Central and Western Asia: High income,Sex: Male,2020,9.111
Central and Western Asia: High income,Sex: Female,2020,9.058
Central and Western Asia,Sex: Total,2023,-2.908
Central and Western Asia,Sex: Total,2022,-3.352
Central and Western Asia,Sex: Total,2021,2.897
Central and Western Asia,Sex: Male,2021,2.34
Central and Western Asia,Sex: Female,2021,3.919
Central and Western Asia,Sex: Total,2020,10.706
Central and Western Asia,Sex: Male,2020,10.015
Central and Western Asia,Sex: Female,2020,11.972
Western Asia,Sex: Total,2023,-6.792
Western Asia,Sex: Total,2022,-7.276
Western Asia,Sex: Total,2021,1.672
Western Asia,Sex: Male,2021,1.072
Western Asia,Sex: Female,2021,2.91
Western Asia,Sex: Total,2020,12.235
Western Asia,Sex: Male,2020,11.653
Western Asia,Sex: Female,2020,13.434
European Union 28,Sex: Total,2023,1.207
European Union 28,Sex: Total,2022,0.462
European Union 28,Sex: Total,2021,3.287
European Union 28,Sex: Male,2021,3.704
European Union 28,Sex: Female,2021,2.71
European Union 28,Sex: Total,2020,8.066
European Union 28,Sex: Male,2020,7.965
European Union 28,Sex: Female,2020,8.206
G20,Sex: Total,2023,0.969
G20,Sex: Total,2022,0.684
G20,Sex: Total,2021,2.595
G20,Sex: Male,2021,2.656
G20,Sex: Female,2021,2.484
G20,Sex: Total,2020,8.541
G20,Sex: Male,2020,8.499
G20,Sex: Female,2020,8.616
ASEAN,Sex: Total,2023,2.62
ASEAN,Sex: Total,2022,2.426
ASEAN,Sex: Total,2021,6.817
ASEAN,Sex: Male,2021,6.993
ASEAN,Sex: Female,2021,6.555
ASEAN,Sex: Total,2020,7.382
ASEAN,Sex: Male,2020,7.039
ASEAN,Sex: Female,2020,7.889
BRICS,Sex: Total,2023,0.814
BRICS,Sex: Total,2022,0.773
BRICS,Sex: Total,2021,1.944
BRICS,Sex: Male,2021,2.047
BRICS,Sex: Female,2021,1.747
BRICS,Sex: Total,2020,8.469
BRICS,Sex: Male,2020,8.59
BRICS,Sex: Female,2020,8.241
World excluding BRICS,Sex: Total,2023,2.239
World excluding BRICS,Sex: Total,2022,1.945
World excluding BRICS,Sex: Total,2021,5.085
World excluding BRICS,Sex: Male,2021,5.083
World excluding BRICS,Sex: Female,2021,5.09
World excluding BRICS,Sex: Total,2020,8.91
World excluding BRICS,Sex: Male,2020,8.39
World excluding BRICS,Sex: Female,2020,9.81
G7,Sex: Total,2023,2.118
G7,Sex: Total,2022,1.055
G7,Sex: Total,2021,3.767
G7,Sex: Male,2021,3.989
G7,Sex: Female,2021,3.454
G7,Sex: Total,2020,8.031
G7,Sex: Male,2020,7.656
G7,Sex: Female,2020,8.562
MENA,Sex: Total,2023,1.645
MENA,Sex: Total,2022,2.003
MENA,Sex: Total,2021,6.188
MENA,Sex: Male,2021,5.961
MENA,Sex: Female,2021,7.528
MENA,Sex: Total,2020,8.63
MENA,Sex: Male,2020,7.793
MENA,Sex: Female,2020,13.571
Arab League,Sex: Total,2023,1.287
Arab League,Sex: Total,2022,1.61
Arab League,Sex: Total,2021,5.767
Arab League,Sex: Male,2021,5.655
Arab League,Sex: Female,2021,6.394
Arab League,Sex: Total,2020,9.262
Arab League,Sex: Male,2020,8.866
Arab League,Sex: Female,2020,11.486
CARICOM,Sex: Total,2023,3.273
CARICOM,Sex: Total,2022,3.519
CARICOM,Sex: Total,2021,6.051
CARICOM,Sex: Male,2021,5.467
CARICOM,Sex: Female,2021,6.79
CARICOM,Sex: Total,2020,9.257
CARICOM,Sex: Male,2020,8.084
CARICOM,Sex: Female,2020,10.742
European Union 27,Sex: Total,2023,0.966
European Union 27,Sex: Total,2022,0.158
European Union 27,Sex: Total,2021,2.96
European Union 27,Sex: Male,2021,3.362
European Union 27,Sex: Female,2021,2.403
European Union 27,Sex: Total,2020,7.589
European Union 27,Sex: Male,2020,7.463
European Union 27,Sex: Female,2020,7.764
Arab States: Low income,Sex: Total,2023,-0.215
Arab States: Low income,Sex: Total,2022,0.615
Arab States: Low income,Sex: Total,2021,4.087
Arab States: Low income,Sex: Male,2021,4.012
Arab States: Low income,Sex: Female,2021,4.859
Arab States: Low income,Sex: Total,2020,4.319
Arab States: Low income,Sex: Male,2020,4.037
Arab States: Low income,Sex: Female,2020,7.238
APEC,Sex: Total,2023,1.315
APEC,Sex: Total,2022,0.998
APEC,Sex: Total,2021,1.632
APEC,Sex: Male,2021,1.618
APEC,Sex: Female,2021,1.65
APEC,Sex: Total,2020,6.003
APEC,Sex: Male,2020,5.257
APEC,Sex: Female,2020,7.015
Yemen,Sex: Total,2023,-0.631
Yemen,Sex: Total,2022,0.223
Yemen,Sex: Total,2021,4.042
Yemen,Sex: Total,2020,2.865
South Africa,Sex: Total,2023,7.77
South Africa,Sex: Total,2022,8.996
South Africa,Sex: Total,2021,9.886
South Africa,Sex: Total,2020,10.26
Zambia,Sex: Total,2023,2.731
Zambia,Sex: Total,2022,2.137
Zambia,Sex: Total,2021,4.936
Zambia,Sex: Total,2020,3.166
Zimbabwe,Sex: Total,2023,3.067
Zimbabwe,Sex: Total,2022,2.849
Zimbabwe,Sex: Total,2021,6.089
Zimbabwe,Sex: Total,2020,9.299
